Sample code;Exposure time;Dose;PANTOLACTONE;Ferulic acid;CAFFEATE;3-HYDROXYBUTANOIC ACID;GAMMA-LINOLENIC ACID;CORTICOSTERONE;HEXANOATE;4-Methylvaleric acid;SPHINGOMYELIN;Anthranilic acid;4-ACETAMIDOBUTANOATE;RAC-GLYCEROL 1-MYRISTATE;Retinoic acid;SHIKIMATE;SUBERIC ACID;EPINEPHRINE;Coenzyme Q2;gamma-Linolenic acid;Isovaleric acid;INDOLE-3-ACETAMIDE;HISTAMINE;ESTRADIOL-17ALPHA;3-Methyladipic acid;ADENOSINE;SPHINGANINE;DOPAMINE;D-PSICOSE;Adenine;L-GLUTAMIC ACID;MYO-INOSITOL;L-METHIONINE;5-OXO-D-PROLINE;CHOLINE;HOMOSERINE;4-HYDROXY-L-PROLINE;L-LYSINE;L-ARGININE;CYTOSINE;D-Sphingosine;GALACTITOL;MANNITOL;2-AMINOPHENOL;3-HYDROXYBENZYL ALCOHOL;CHENODEOXYCHOLATE;3-UREIDOPROPIONATE;L-TYROSINE;4-AMINOBUTANOATE;L-PROLINE;CREATINE;L-Glutamine;SARCOSINE;Guanidoacetic Acid (Glycocyamine);TAURINE;Inosine;BETA-ALANINE;3-ALPHA,11-BETA,17-ALPHA,21-TETRAHYDROXY- 5-ALPHA-PREGNAN-20-ONE;L-PHENYLALANINE;HYPOXANTHINE;L-CARNITINE;O-ACETYL-L-CARNITINE;Palmitoyl-L-carnitine;TYRAMINE;OLEATE;O-ACETYL-L-CARNITINE;NICOTINAMIDE;25-HYDROXYCHOLESTEROL;DESMOSTEROL;L-ASPARTATE;Neopterin;ALPHA-D-GLUCOSE;25-Hydroxyvitamin D2;Metanephrine;INDOLE-3-ACETALDEHYDE;L-HISTIDINOL;1-OLEOYL-RAC-GLYCEROL;D-SORBITOL;D-FRUCTOSE;Hexanoyl-L-carnitine;D-PANTOTHENIC ACID;PENTANOATE;L-ISOLEUCINE;(S)-NICOTINE;L-ALLOTHREONINE;3-METHYLADENINE;L-Valine;4-PYRIDOXATE;N-alpha-Acetyl-L-ornithine;LEUCINE;all trans-Retinal;N-ALPHA-ACETYL-L-ASPARAGINE;L-TRYPTOPHANAMIDE;Vitamin K1 (PHYLLOQUINONE);Palmitic acid;CHOLATE;RIBITOL;CYTIDINE;THYROTROPIN RELEASING HORMONE;1,2-DIPALMITOYL-RAC-GLYCERO-3-PHOSPHOETHANOLAMINE;Normetanephrine;Oleoyl-L-carnitine;L-Citrulline;BETAINE;L-Serine;OMEGA-HYDROXYDODECANOIC ACID;ALPHA-TOCOPHEROL;N-METHYL-L-GLUTAMATE;LINOLEATE;1-METHYLADENOSINE;5-VALEROLACTONE;PHYLLOQUINONE;SEROTONIN;BENZOATE;3-METHYLHISTAMINE;L-ARGININE; 4-Phospho-D-erythrose;D-GLUCONO-1,5-LACTONE;GUANOSINE;N-ACETYL-DL-SERINE;Stearoyl-L-Carnitine;GLUCONIC ACID;N-ACETYL-D-GALACTOSAMINE;N-ACETYLPUTRESCINE;Linoleyl ethanolamide;VITAMIN D2;BIS(2-ETHYLHEXYL)PHTHALATE;MENAQUINONE
ARO36TMTHILIC+_06;1;0;20.450355;69.66046379;428.0112488;7.18823104;1923.053509;52.18388252;8.056743302;184.4560237;9.608138822;67.30878698;9.022133866;17.22501665;3.41349422;13.36921782;4.522157978;4.575611993;3.849035624;3.645675319;1.17730645;12.77258892;1.833352839;3.500826548;12.41641244;74.04752685;4.088699941;1.374377491;3.78145957;18.15135926;16.86365554;13.02419796;17.27360936;29.53281076;9.384515661;10.53997832;2.081233502;379.567962;2.336960611;2.864689599;9.663258834;24.13354256;60.25764937;7.800951823;2.233234236;5.373156978;29.7207323;1.922309315;996.5463626;101.9836063;1105.658341;245.4685228;10.18657584;2.929949632;8.119651817;26.49993126;6.792769587;19.70390213;177.3157537;7.904015938;372.3448637;2.603512055;4.524489488;64.94361407;66.69715227;576.7112457;131.0789577;488.0356191;12.1380288;4.872305606;11.69343269;528.2886475;12.54694842;5.564185939;10.00998934;1.095195093;69.86353191;5000.715395;2810.125141;3.349729723;1736.563624;24.38617282;21.56145797;5.252481695;1.125133777;6.371880109;36.38344037;7.677003223;4.755614046;5.430096504;27.84161142;3.984664203;0.929520825;58.94601158;15.65227749;5.966932235;2.47273246;6.162363038;3.735575532;9.210806767;1.121876661;10.4809347;2.259701379;6.136053194;2.501274189;8.060956497;65.43336204;8.162817332;8.462493687;44.64163267;9.040205607;2.238584549;0.915614153;3.453731468;2.866200273;2.14413785;5.379009602;92.33485402;1.428332342;2.183822839;2.319500531;51.99727881;9.513072272;14.37646428;119.0932547;22.93883798;364.1206839;1.758991328
ARO36TMTHILIC+_07;1;0;45.14475512;69.14890535;427.3369196;5.676903953;1209.532254;126.2425873;20.47835278;249.955784;5.259551663;60.62333724;2.406515792;17.68122731;4.029276049;7.037794257;4.170042997;2.779436529;1.066464591;5.625450575;1.353678052;11.78569793;0.492922145;3.086210048;15.50887853;392.3060508;2.276178913;2.897701973;2.595657311;34.63173584;11.33301543;9.599968193;14.94312765;17.66907616;8.245872256;12.73625792;2.438423255;430.9315096;1.795855774;2.571186727;5.462135381;17.34252138;58.65025561;8.052105973;1.670174141;4.48785427;25.38065577;1.647973879;902.8120631;95.18246528;898.3898073;206.9411098;8.282181092;5.510662062;6.054008742;44.68961696;6.096082647;20.46762649;175.6838057;14.61691955;307.1531999;1.072744405;4.352280605;58.91087472;57.2928824;474.6507426;125.2859711;410.4674312;12.19286613;4.24040202;10.03519925;445.3707538;14.16645629;3.04330918;14.62878988;0.439812503;44.75230592;4800.578292;2794.59145;4.204756944;1536.725332;24.284083;17.46924546;3.63906834;1.114277742;3.99060283;31.69055529;4.781492791;5.94251599;5.98974129;29.98563577;4.967718907;1.299617587;55.4000791;12.8154059;3.579855098;3.425543736;10.69691962;2.260129705;6.063262159;1.27695117;6.125864521;3.077307062;2.925614256;0.907395206;3.957550116;35.85174612;12.87811518;3.897130633;37.23564942;14.9572339;0.876226795;1.910991585;4.766318308;2.343374136;3.829694452;7.171054678;125.9281033;1.594214651;1.856951865;2.313783361;53.90500616;12.87220707;16.29997118;73.15254774;20.21293286;364.8014797;3.761165764
ARO36TMTHILIC+_08;1;0;34.83845412;76.69959272;455.9674513;5.07424426;1534.2496;51.13953116;12.7433483;218.9540341;15.3200853;43.84833953;8.878238852;24.26740467;5.511598121;11.12820443;2.649598126;1.498364026;1.034805738;3.87576383;1.118820589;18.02812854;0.739967547;9.106668231;12.92421525;377.9062332;4.970344581;2.174366403;1.791291906;40.30695198;6.444788512;8.369270339;13.62148527;14.4666715;6.440072018;11.35665346;3.2111502;403.0874044;1.513145613;2.759712522;9.367961123;20.2500227;55.2984498;11.63838197;1.231173098;5.093985752;27.79748201;1.981568956;888.1759295;95.58866228;802.7030097;174.993693;9.089996926;3.050650762;4.756620064;55.21162577;6.351742464;17.85469242;145.0094789;14.83710651;275.0741797;1.958065978;2.139927555;44.60211713;51.47018137;434.709052;131.1270388;386.3809404;13.50357552;2.893079722;8.873399906;418.181098;11.73763292;4.656430222;11.2662109;1.679841916;37.53402814;4458.919656;2302.584876;4.873979329;1551.881898;17.2482625;19.30594433;4.611398532;1.080841531;4.055023149;37.72243977;7.201257406;7.735471053;4.823423592;31.10469545;3.43418929;0.70178473;56.90975405;10.43168306;3.463608326;1.377691057;8.893350864;1.976061089;7.101327143;0.746508893;7.873334993;2.13254167;4.175080488;1.919080379;5.81822215;53.31949136;8.351132247;5.670553821;31.09660689;11.09145782;4.402322372;2.722701049;6.254753262;3.686836351;1.901897778;6.980951268;72.22632005;2.070865797;4.539836211;2.556293891;40.98388813;5.96830299;11.90044764;115.2036336;16.65775824;326.8446686;2.105804006
ARO36TMTHILIC+_09;1;0.5;34.76781536;54.99916771;358.7134603;4.454471026;1488.050945;135.5026572;15.82136723;194.5068254;30.65428095;65.63619924;10.74369799;22.36433253;3.059398628;11.43174657;2.475103892;1.771943169;5.257537734;2.760542577;2.401356559;12.61322468;0.726754607;4.569990451;12.49170523;1429.224819;3.246090907;3.165337289;3.335124256;49.96543016;18.65927019;8.498586871;22.28942639;25.95371408;10.60208278;10.03612954;2.042268903;331.5513972;2.93860086;5.501657457;7.835243836;22.31361572;59.94812171;9.656261245;1.204342721;4.9434296;26.63107481;1.48122981;1003.655562;103.3267925;1344.374574;279.2654965;15.3088221;3.821903078;8.146019309;56.30258482;8.752970409;21.35239931;190.6106834;18.68697058;335.4128583;2.798872685;3.703205086;66.07479803;73.8884676;611.9745596;203.6574272;443.4926687;13.97158188;4.457205611;9.755478341;563.5673588;17.4787157;6.37339857;12.40693511;0.145063417;66.06258006;4910.274282;2694.495515;1.626696712;1975.547255;21.61152087;17.9279048;3.223100089;0.788567272;5.497891332;14.51838577;10.22506548;6.541581109;5.155131094;41.05880801;2.206268306;1.545536806;62.38449234;9.754578763;5.094995498;3.64882919;18.94461717;4.055400059;8.882057406;0.675739237;8.862572295;1.595233666;4.712694142;2.266481705;3.771963291;37.54871269;13.64169319;6.047674344;47.90859067;11.98285473;4.509973326;0.342040652;4.54892168;3.139080357;3.534876906;6.984384128;92.24731465;0.84350194;1.701277955;2.421870952;52.64804283;16.2270712;17.13939123;97.28014927;25.57429178;304.3388245;2.310514711
ARO36TMTHILIC+_10;1;0.5;41.3504404;69.79552442;387.1221755;4.829948459;1569.681908;234.5602586;15.517454;235.3676488;23.64209473;43.89805642;3.957668247;13.43544351;4.358051434;4.918646779;1.046886749;2.807587723;4.249403505;3.949729909;2.608319061;10.52080141;0.544574566;3.057228138;14.46567947;430.1097962;3.640201094;1.273237131;2.780782614;27.44938802;20.83339025;12.00590916;24.84962726;30.6513327;9.970607662;10.53289966;1.198619598;375.8846808;2.23234959;2.298513361;9.667961666;32.19065146;64.53766657;12.77519988;0.456338194;5.448171325;27.00676807;1.583978938;943.105024;122.274905;1276.49715;340.6880166;11.01133613;4.6406881;5.762311158;35.9484267;13.53659217;23.34331667;266.2841932;14.61720671;382.819331;2.023536946;2.451804365;85.3627483;62.23863561;585.196076;227.2581956;408.0653311;10.6992297;3.808697403;15.78455327;530.0144041;21.68010076;6.177733337;15.08086435;1.275932708;61.86214575;5599.722123;3599.315886;1.73937977;1895.781194;21.68869139;27.42999857;4.214866949;1.94315846;6.351933934;21.1741635;4.984765851;5.568935488;4.57227985;39.14948252;1.005132694;0.632568273;62.02967298;11.66616019;3.759246507;4.012009829;12.3391134;6.758927892;6.023166272;0.818219246;9.324776786;1.912107572;5.367436203;2.845048158;4.283808701;59.69172051;12.74311648;7.382681481;36.57439793;8.263535133;3.136468417;1.036142023;3.315307618;3.361972768;1.228122203;6.148685947;102.5487213;1.525287908;1.109610941;2.323116408;53.40393421;12.82959053;20.12370871;114.5418648;23.96295544;321.4115655;3.597355177
ARO36TMTHILIC+_11;1;0.5;46.63717337;89.20733156;473.4316924;7.284416858;1003.830859;167.4330278;13.62621702;203.5521654;21.45879953;98.95297023;8.070849437;27.12230242;3.893143746;6.875443567;4.811813675;2.705743487;1.931897495;1.883622226;2.964356425;9.675359273;0.612767153;6.336067561;12.07310962;493.9545475;3.386901862;3.035751546;1.967568542;33.90443351;27.30490214;9.573979003;25.32319007;33.71206585;11.47283987;8.974681883;2.478324982;393.8476346;3.011454198;2.252219449;4.410490144;26.30944624;83.87236262;13.2210061;2.366576892;1.540232697;32.30555907;1.282159451;1069.190961;147.232226;2034.488307;414.5680281;17.32959825;6.993293037;9.356638334;59.22686754;13.42311513;22.11019149;221.4754399;16.06228607;393.3770177;2.272771456;2.725066538;80.72444249;70.70797114;752.1340501;231.8031198;438.3139904;12.55189056;4.896952972;11.27758871;659.0619077;18.13035786;1.476155829;16.01178716;1.29251701;78.736907;5361.70145;3188.959342;4.159608718;2100.25876;25.65597152;26.50467025;3.915973047;0.913406655;5.600307187;26.53257164;5.092878751;6.935909336;6.326422479;46.84696544;4.496937621;2.328421384;66.89806768;9.378347751;2.591863473;3.989773024;11.04971875;2.664287139;6.686137906;1.148897092;7.797501401;2.706031218;3.759837396;2.120356616;7.842232052;30.68157381;13.31437519;6.377351481;47.28285961;7.517282194;1.066104905;2.281444129;2.574070941;2.999881249;4.65776456;7.398098009;91.09926421;1.10498198;2.290785442;0.70667495;42.06237218;14.25632848;24.86110948;59.53227717;17.12987169;336.7574507;1.577728974
ARO36TMTHILIC+_12;1;1;19.92900272;80.16648315;441.1320993;6.715532981;1196.485673;74.96314609;15.41012249;199.647042;7.379388876;62.91964947;8.504787702;6.823803506;5.408381769;7.624141941;2.298118077;2.87277594;7.98947758;3.371628997;2.086381814;15.67805506;0.563417167;6.283622217;9.84216064;214.0776798;5.545718694;0;2.787895045;29.48346949;10.28531768;7.615614626;16.17546185;20.91796799;9.704475343;10.62221832;0.481840039;407.06922;2.042099695;1.499508345;5.732916702;14.14159111;60.85462294;14.49913454;2.649404628;5.256165952;28.07695528;0.739690199;889.3023122;96.89054286;916.5738833;217.1635903;9.443137724;2.638763762;5.190899846;20.56998813;7.148340766;24.73518049;149.2023746;3.580100484;272.2200691;3.113493988;2.327021059;57.02715672;49.92479202;500.8366315;138.4509502;403.3514868;12.59854367;5.201680118;12.84748241;448.2560745;22.11356767;3.018527695;9.087530968;1.483330729;55.26246623;4142.278943;2260.32221;2.783943142;1622.851305;21.0139063;22.02844773;5.081780041;1.801204002;3.888655687;12.74143367;5.070866188;7.218310984;5.19954802;29.7654806;4.300437009;1.096478063;65.61400853;10.551764;2.670398637;1.972694494;7.013888471;4.505528251;8.265198297;0.567373853;6.967079571;0.774680328;2.926709379;2.715458084;5.706707023;70.57624312;7.719282487;6.877037422;32.86836855;11.10404088;3.857479504;1.760337877;3.906344728;4.077344352;3.564937267;3.37377513;88.37360123;1.323152546;1.329678515;3.057062018;47.62293066;10.22716333;16.23292044;124.21397;18.487934;284.0772157;2.730994591
ARO36TMTHILIC+_13;1;1;37.07177404;52.1207105;324.9178052;5.254869234;1543.338196;126.0200046;20.27108068;166.7030947;21.01057747;163.3015193;3.172269831;5.548347975;2.086460408;3.564105284;4.488470328;2.951029825;3.624116012;4.856941746;1.666919269;8.270874574;1.889786225;3.967871223;11.8016713;418.9721416;3.188079466;1.638123549;4.882155326;31.91550297;15.6914924;8.821253132;13.78819845;18.54909935;5.377995135;6.953920747;1.812117018;349.8350235;2.5803414;1.927836504;7.808248918;24.76673125;59.96102465;12.95279388;2.737908661;3.018210025;35.81743955;0.878339626;908.8016123;99.47582292;1047.783154;255.3881641;8.871635653;3.421423028;7.245872039;27.66186704;8.011981087;17.29446264;175.1710211;7.338839835;296.766503;2.051045104;2.994140705;63.43556808;64.4279557;561.63765;191.3590181;422.4018214;9.788714099;4.875638275;10.36600874;527.0250089;27.59675251;3.076376948;7.495451971;0.991756407;65.94327121;4587.904465;2386.045331;3.812890223;1812.107194;21.94092178;19.2703329;4.054864466;1.318545789;5.541683851;15.04664948;5.143327322;4.665446481;5.241100594;37.37455395;1.963294409;1.077961579;67.22080329;7.512855444;7.406051079;3.720711517;9.533658949;3.480965697;6.745113668;1.212650078;7.243140813;2.748593374;5.301067004;2.461897901;7.268176017;64.27826381;8.228296717;5.84325234;42.06705771;10.10781956;0.273990977;1.153859599;4.816398981;2.216708259;1.543409867;6.934929967;96.86932358;1.75407004;1.615112598;3.015293928;55.63624392;8.079519485;17.47624298;147.6278689;22.69344319;270.3338414;4.235850187
ARO36TMTHILIC+_14;1;1;24.41528013;70.13785848;373.6991238;7.414243182;1722.64136;63.92284405;13.49684798;201.1155115;17.79721348;48.03134312;11.96719311;19.20083803;3.595019292;11.14851898;3.216776527;2.41768216;4.238780463;4.084480841;0.851715262;9.532249262;0.293962626;4.59940087;16.16610191;687.0383218;4.202988507;2.116377415;2.536202377;32.47623902;21.50557612;12.44217188;21.16610737;26.19799832;11.94621728;13.80967796;1.455011551;403.4032524;2.407462114;2.392611438;8.915187299;22.9442045;64.33064626;11.25949434;2.236455303;3.429446609;27.48919166;3.079857248;1014.429038;116.9413108;1419.954806;302.5505318;15.26084571;4.838104441;8.140503252;44.21244015;9.76012802;17.4468535;190.2268442;14.46775732;356.5105139;2.720933616;5.085158644;71.87126262;51.0225178;623.2143583;212.7904294;421.658145;11.44257696;6.953715015;11.18144878;576.3896165;18.41285417;2.587823999;11.67364749;1.536021981;74.2591113;5522.531802;3205.154707;3.617232143;1878.326122;21.8628809;20.76356436;2.991886018;1.456189051;5.797260052;22.71040084;6.799046896;5.96918719;6.334605726;36.65291166;3.646621059;1.825323756;64.44224422;10.54022195;3.203440236;2.868898133;11.4830172;4.382457689;7.064595755;1.243613703;6.364352852;1.91988401;5.523065393;2.07822089;6.100911277;24.17001267;10.06524069;4.782318772;49.45199379;11.78827544;1.432625282;2.28774596;2.557381216;3.717475612;1.600153324;5.628692992;121.6309374;1.805965628;2.80881765;1.291699641;58.7041521;8.417217965;18.40818793;72.77404758;34.42378287;286.0471444;1.353778279
ARO36TMTHILIC+_15;10;0;39.20658439;78.46447097;425.385538;4.190777343;1462.673585;116.3235511;13.41255375;192.5563233;10.31321886;63.12730868;7.413817107;5.020643554;2.551750523;4.646803377;3.059311111;2.56633755;4.962755398;4.437237372;2.625552954;8.30069089;0.322871845;5.373829219;10.16691068;1591.519154;2.176539415;1.785685642;2.826803849;56.26941022;27.45767076;9.036134408;19.07531817;79.7742243;13.03227703;11.5746126;1.098485971;389.2776784;1.580568556;3.567789527;8.169656334;25.16682235;91.70154785;13.41053011;1.31952383;7.707721334;28.25418914;1.590503272;1424.892118;160.9684309;2680.593009;461.9997327;22.48377303;9.482547567;18.53486573;94.89912708;16.65540115;33.40250198;217.0285095;31.74342915;433.0945669;2.846435299;4.139130716;65.50489492;59.95694073;722.8559566;216.8370719;430.6611643;9.34569646;10.36073417;11.28769444;710.0334181;23.46517936;4.932518903;12.91781791;0.45593459;110.1980661;5152.92211;2845.727786;5.113990933;2191.935397;24.82357747;32.10848853;3.511172674;1.57899329;5.327054891;17.01776434;5.948234942;7.114450779;5.494374162;43.13674041;2.214568806;3.130973644;59.53521994;7.711563751;4.438521947;1.86224181;18.71899234;3.567171661;5.573185137;1.143987002;9.898365629;2.601288896;2.273767117;1.23916075;8.740910645;36.62741195;10.38133538;2.706409157;79.93409043;12.07070055;1.531335444;1.118781594;7.583353194;2.683999721;3.673012917;5.141112642;78.49465337;2.288703824;1.328761324;2.611271709;42.33366095;12.5971751;22.29236468;52.12155589;23.04814107;303.0864577;2.975032638
ARO36TMTHILIC+_16;10;0;35.00898883;64.63227556;367.6979688;6.405742568;1998.860096;45.51015958;13.9942116;189.0928813;13.89672798;41.34604744;9.7047663;10.73261799;3.516402685;11.64215233;2.464767606;1.213744295;1.816565988;4.164753197;2.064062321;12.88627102;1.262134588;5.130906534;12.20543867;863.6050058;5.50478458;2.264581815;3.20039177;37.5647162;26.93078148;10.67775637;16.67161033;61.66184472;9.24588466;11.40428581;1.848351227;394.7269249;2.333465053;4.376018628;7.132197895;29.28390753;86.33238926;11.20524279;1.458947839;3.873157024;31.63949393;1.977040476;1275.420151;136.9195911;2589.539655;437.5297202;18.85555465;7.772281721;18.88711365;62.25546725;13.6278111;24.89662513;200.5580869;14.2605935;391.2467823;2.205532255;5.696618713;63.64911975;60.90045146;653.7243241;188.0860215;465.0515079;6.598755771;7.579091978;12.53272827;710.8830165;23.45568196;4.329114988;10.95141477;2.098003396;100.2458463;4452.302507;2404.772207;5.148294182;2230.826836;25.42493909;26.02995412;3.155930005;1.724494074;5.943630851;9.222341267;8.617171381;6.52074293;7.500479855;40.88821852;3.161436513;1.520484126;73.9623023;13.42303653;3.413621923;4.591138407;11.70266826;4.189853555;8.619486739;1.429931277;8.181874121;1.802809503;3.32933132;3.334079602;5.436762002;43.02527439;13.21366387;5.019734913;81.34323118;8.387646542;2.98506496;2.046477894;3.579342709;2.27215561;3.109269549;5.01807999;73.07417813;1.828723166;2.345658303;2.762500755;45.06450859;13.81238077;23.3280673;66.2182116;31.92138593;281.9106454;1.359693042
ARO36TMTHILIC+_17;10;0;23.59359865;69.00003595;398.2880506;3.982044648;1387.817399;37.59242564;12.55055302;176.2892804;9.844396502;117.2503713;8.658928746;14.59569451;4.357687706;11.55300268;2.511572296;1.704309334;2.967757541;4.097805156;0.040351885;15.14158812;1.045104699;2.20480903;12.35431085;602.6834684;5.165142852;1.11242351;1.959531415;37.14326824;35.95487307;13.57349243;32.43094651;111.8700319;21.10417657;9.104288456;1.536011946;393.8823815;1.703199465;2.757129473;6.473144707;35.90643777;98.99589713;10.11438273;2.569635174;2.303202347;31.04226858;4.129120735;1363.894993;183.4646602;3101.150027;551.1070889;21.70783725;8.939338689;19.01942122;75.29512934;18.6573577;24.78177076;321.0161581;19.58763516;553.7389952;2.124256031;2.039102591;94.51401957;68.29978019;773.3799054;260.6945102;391.9559929;8.801940793;9.998119592;13.1853996;704.8145559;26.89396664;3.427328113;18.96603473;0.818407414;87.89394408;5212.041443;3231.67597;3.083730412;2111.140207;19.30917082;25.50190801;4.03530881;3.461934811;5.186434299;31.00542243;6.674796563;5.939400979;6.992765478;39.97917039;2.784623231;0.700067135;49.83054935;11.90629971;4.876167357;4.904099924;15.51527542;8.597537118;14.30578142;0.954954629;7.837114665;3.761520677;5.550698527;2.423220917;10.37301337;63.40301427;9.850732891;3.906779157;87.76700694;11.25678989;3.354027424;1.657404897;4.643233652;4.232085422;2.38528906;7.695466546;81.28835836;3.526453558;1.479175858;2.605479687;46.54929501;5.506242394;21.89189585;77.53703322;28.66264341;418.8344329;2.549791079
ARO36TMTHILIC+_18;10;0.5;32.13892224;62.35327437;414.8561661;6.302315215;813.5436813;101.2505277;14.89183578;210.4279827;22.54553682;50.66264099;7.609948957;12.94489533;1.37885682;6.056266601;5.159344595;2.974539748;4.893842784;5.981614807;2.11676612;15.74861113;0.526424958;5.004756932;16.94531312;430.5286066;4.031420344;2.265819471;2.036291035;47.82314713;44.72950975;15.8263296;32.32876664;130.6533623;18.42343872;12.48519556;1.894062005;398.3111145;1.669851628;5.26364946;7.844734277;46.67887437;110.2178056;17.21539498;2.60543053;2.107092578;27.97010424;3.850497375;1398.88166;196.6251421;3284.233848;600.0089415;32.01141973;13.69327335;27.1642926;62.34622005;25.44693727;22.92594121;341.3712033;22.97117317;532.7522676;2.106096979;3.231534629;112.1409186;46.65634496;858.262304;264.3964889;442.4075062;7.713399287;9.516692571;11.71443758;800.8580743;28.84334005;4.77830592;21.99888277;2.303753645;107.4738961;6860.530067;4208.524589;4.377021074;2224.245765;22.90505951;26.08814405;3.146981695;3.88861221;3.677936508;71.13118515;7.228507339;6.744869543;9.772460354;47.24586628;2.967400941;1.30379609;59.88739632;12.25036926;3.698057351;6.436242179;23.62296809;5.25917635;9.959405774;0.716398551;6.637295099;2.479851919;4.202800518;2.788267201;5.645377816;13.44573482;13.91061417;4.131434542;81.19481204;8.175326615;3.594439829;2.582054717;3.060157999;0.607369464;2.779646478;3.820747356;80.86267783;3.422140745;0.671767916;3.442225671;44.84050369;15.26302024;19.32422102;34.23135469;23.98256052;339.1982038;2.491995451
ARO36TMTHILIC+_19;10;0.5;36.62399743;72.88249361;427.8707346;4.440027546;2519.534221;110.0696773;9.879331965;179.5897404;11.97293705;85.32683291;9.076368238;4.236245467;2.160805176;5.371016246;3.152807026;2.879700848;4.235689044;3.514658863;2.138417834;10.30435951;0.729042534;2.903842478;12.9980465;288.2280955;4.268923878;2.00998442;1.732605319;27.61758818;25.77207812;9.580518897;22.33332157;81.77095257;10.95237857;9.102784546;2.991835763;365.7744194;1.331314768;2.715935743;9.357598376;36.52289023;95.90449177;10.8464551;0.952970729;5.393728179;29.74457866;0.746518465;1350.36664;171.6956223;3165.649113;498.5097418;25.8053887;11.06992371;19.24931333;46.02457886;20.98026826;18.10544191;236.9440669;13.59332154;426.5913522;1.54760556;6.152707103;87.22644045;63.73527881;713.3482111;186.1945442;376.8922068;10.4972332;9.071707557;10.58284659;748.911175;29.84425649;4.466709945;16.44476395;1.072109004;101.7591117;5305.117903;3306.63324;5.603987244;2255.014622;20.97956567;24.01599786;2.655054016;2.427309923;2.91634386;12.11553841;5.01462502;7.322446031;7.383009644;47.40580005;3.875566177;1.838807261;65.21709621;9.378338602;3.990475428;6.889883604;12.05591563;7.549485982;10.91247465;1.321690808;9.603916528;1.895125009;3.558240633;1.028042605;5.369499329;40.83776952;11.36394392;5.787190537;102.1189073;10.9751926;1.163224576;0.917579853;7.568089542;2.849220699;2.224674255;4.84467502;93.28445383;1.563636342;1.789569721;1.91748617;40.25379474;9.527112784;21.53043583;79.11715803;26.6819141;299.113979;1.892751803
ARO36TMTHILIC+_20;10;0.5;23.8086348;57.70676643;332.8311226;4.35583838;1988.298244;65.14688918;13.84462719;159.7685586;6.45203785;108.4846117;13.27801752;1.541792854;3.455194668;13.45707221;4.24055234;2.453630642;3.284486518;4.495935572;2.220901902;14.41528057;0.931109573;3.276539586;14.35444555;500.8937074;3.64333706;4.062966226;2.545225906;32.05392155;42.34223828;14.15629218;33.92866102;120.9673107;20.27161981;11.10381926;3.07687248;354.0438907;2.515822152;4.676994465;5.760902903;47.4288847;112.5949318;16.83281887;1.902463335;3.845429755;31.27269028;3.744047918;1455.616635;197.4162146;3634.212959;632.6409507;35.60672908;14.73646533;24.58968538;75.82659756;24.41133063;26.75373545;390.1417747;29.01246405;563.0037532;2.106621223;3.759664799;118.8606949;75.65243577;953.7651579;280.6356507;474.1740427;8.505253898;13.26470667;16.47614431;886.2828608;31.60931089;3.99185734;20.08707676;1.325819552;119.3746854;6995.312562;4506.379597;1.791279629;2468.577955;21.60775223;28.71658864;3.529122565;3.115701739;5.343935247;38.07408209;7.143584293;4.167531787;10.77283996;54.25191596;2.464519322;0.741912413;95.64513763;12.03221464;3.723990311;5.91060256;19.61472904;8.722781528;8.312676997;1.35568078;10.00408118;2.187890789;2.870880187;1.501599248;6.8172112;13.9554318;10.56329315;2.697103575;104.0016357;8.808639658;5.045830945;2.52106564;5.734398246;2.85661514;3.187673176;4.155952453;107.5659707;1.443742851;2.127400465;0.488124652;65.56955547;9.068860804;27.57928565;32.20397028;23.36802256;314.6217925;2.191482976
ARO36TMTHILIC+_21;10;1;35.50715782;64.99351688;392.5865117;5.565757361;2324.72467;84.52580697;10.99116467;193.6774844;45.36036461;83.19496576;4.125379512;14.84394117;3.626434601;8.261821346;3.894082482;2.627146356;1.663417252;3.419292516;1.971636441;12.40385544;0.828143494;7.335449932;8.518108682;328.7633459;3.212302065;1.414902236;3.165340369;40.86296464;33.88705644;12.96219731;23.36273767;79.54946836;11.54079989;11.00643304;2.340211449;398.1604807;1.680471657;4.138175682;7.030353914;40.72521704;103.2744434;14.81479654;0.637979244;2.770737143;29.59434803;1.043208111;1298.295815;158.0152405;3222.355821;469.548212;34.24247831;10.52131836;25.09017605;53.70728622;17.00520496;17.63227042;238.2705776;19.53340173;452.2856378;1.823434474;3.232228404;93.02067181;71.82720629;801.683391;194.083475;375.6558427;15.64136119;9.021206299;13.6044527;744.5544065;33.937621;1.931709062;15.73235409;0.618227453;96.12636546;5526.534498;3205.176041;4.125594034;2174.672041;22.23072708;26.003798;3.400324433;2.087672444;5.533154821;15.42774606;8.352934739;6.338860932;5.312344619;47.26411501;3.257132528;0.683396245;57.06974772;7.388866667;6.135389651;4.09844814;13.68143171;6.547714832;6.479919061;0.758903055;9.473775116;2.269758921;3.758568071;3.201595807;6.060778721;40.91936518;9.635456406;3.284557091;92.56255036;8.409244142;1.648525366;2.40679248;4.68037579;4.012833019;2.57027028;4.815041222;74.90924749;3.223709117;1.944361071;2.051113136;40.79160656;12.55707321;17.22010108;84.4985743;24.44806727;302.1671132;2.149592568
ARO36TMTHILIC+_22;10;1;14.35508566;66.37158778;390.3781817;4.623223962;1782.946935;65.41292854;14.80268944;160.224338;9.745523531;47.43115678;13.10600344;5.498402029;3.58049187;9.054300227;2.127760492;1.17595886;4.072060381;3.564076835;0.862268653;9.196534651;1.019604992;5.148667354;14.83527242;640.4649999;4.107132891;2.141798247;2.811908154;34.20553044;32.59643361;10.83993395;27.88093297;108.3230554;20.67242887;11.0849327;0.734972678;367.2473596;3.38268228;2.429960963;7.769982396;46.67941543;112.7288488;13.70272912;1.520339321;3.968997872;31.55840056;2.262174631;1332.492013;171.7069596;3074.841397;568.7232057;23.50753818;10.11191332;14.26561789;70.20905834;18.83100607;17.6354445;310.1676499;21.86652981;478.8391046;1.904103855;2.854841748;103.2230714;75.60963027;786.1504133;224.8627759;396.1310945;18.14273289;13.35220791;18.06836062;792.1644892;36.22256042;2.901034813;21.95735033;1.343070507;129.0714111;6341.458133;4020.773261;3.402391858;2460.601022;22.28791611;31.14839992;3.27124306;2.214274937;4.259995525;9.914356754;6.348554705;7.69809064;7.126494393;49.8005394;3.637528156;0.986543631;64.20913556;9.215141016;4.834946486;5.147598465;22.87110617;7.976497592;7.530302731;0.717845237;7.719657943;1.972715994;4.133271799;1.704368109;6.250698003;43.24031065;14.36296709;0.098051427;118.506199;9.726133442;0;0.987544208;5.41863125;2.885795625;2.847639755;4.731071956;85.06693778;1.777625623;1.874317787;2.192449411;45.33179177;17.35917539;23.52565085;88.15096583;33.30309386;276.6350876;2.564250696
ARO36TMTHILIC+_23;10;1;38.02163512;257.9395065;1223.07557;7.066556796;2332.470401;68.87342247;10.54921132;188.1865452;10.98395626;54.09214603;5.638574012;21.26504614;4.084915753;7.083709016;3.511284506;2.643791048;4.071363555;3.147054926;1.59615037;9.96736582;1.087495587;3.096852008;13.95090311;1008.889213;2.913599845;1.954340795;3.15930695;39.05329404;27.31418102;10.37341162;23.59792215;69.34165865;12.35393128;11.79364726;2.430995274;400.8754279;3.084228354;3.428344907;4.710715184;32.84330468;98.87228067;15.28472615;0.765024374;3.272680725;25.22668314;4.747479478;1367.104063;157.3641596;3114.553361;482.8333545;24.30891561;12.22510815;23.10220966;135.603777;17.34324115;22.0448651;245.3818813;41.44981695;442.49865;2.351744943;2.360019079;83.15804746;59.11630699;782.0967094;204.591911;403.9224178;12.59973451;11.10422028;16.08805436;740.174837;39.40610872;4.042129076;13.77488258;0.284690813;101.7947489;5480.722009;3256.323327;3.420820487;2187.161839;29.14461823;30.51771141;2.888712238;1.888937971;4.640614866;9.660761794;7.427769173;6.471984344;6.393822366;46.88729623;3.019785147;1.439324148;56.02913747;7.648189747;5.759744859;3.498710838;18.43426057;5.738135517;8.615537413;0.860584375;7.217054531;3.094715383;3.532362327;2.173275303;7.175781298;29.92383583;13.29897813;4.758844949;88.53867743;8.850282498;1.004918242;4.223237485;5.111769661;3.602148261;2.842809119;7.11392201;91.60033611;2.552729879;1.827404269;1.238520583;51.81259157;10.88035019;21.05396711;73.08020298;21.38329989;292.731263;1.87653788